{"gradients/graph_1ff2.weight":{"_type":"histogram","values":[40000],"bins":[0,0]},"gradients/graph_1ff3.bias":{"bins":[0,0],"_type":"histogram","values":[200]},"gradients/graph_1ff1.weight":{"_type":"histogram","values":[15000],"bins":[0,0]},"gradients/graph_1ff2.bias":{"bins":[0,0],"_type":"histogram","values":[200]},"parameters/graph_1ff3.weight":{"bins":[-0.15195591747760773,-0.14749574661254883,-0.14303557574748993,-0.13857541978359222,-0.13411524891853333,-0.12965507805347443,-0.12519490718841553,-0.12073473632335663,-0.11627457290887833,-0.11181440949440002,-0.10735423862934113,-0.10289406776428223,-0.09843389689922333,-0.09397373348474503,-0.08951356261968613,-0.08505339920520782,-0.08059322834014893,-0.07613305747509003,-0.07167289406061172,-0.06721272319555283,-0.06275255978107452,-0.058292388916015625,-0.053832218050956726,-0.049372054636478424,-0.044911883771419525,-0.040451712906360626,-0.035991549491882324,-0.031531378626823425,-0.027071207761764526,-0.022611036896705627,-0.018150880932807922,-0.013690710067749023,-0.009230539202690125,-0.004770368337631226,-0.00031019747257232666,0.004149958491325378,0.008610129356384277,0.013070300221443176,0.017530471086502075,0.021990634500980377,0.026450805366039276,0.030910976231098175,0.03537113964557648,0.039831310510635376,0.044291481375694275,0.04875164479017258,0.053211815655231476,0.05767197906970978,0.06213214993476868,0.06659232079982758,0.07105248421430588,0.07551265507936478,0.07997281849384308,0.08443298935890198,0.08889316022396088,0.09335333108901978,0.09781349450349808,0.10227365791797638,0.10673382878303528,0.11119399964809418,0.11565417051315308,0.12011433392763138,0.12457450479269028,0.12903466820716858,0.13349483907222748],"_type":"histogram","values":[3,8,10,8,158,600,674,686,907,953,972,995,993,982,986,1009,981,1020,1061,999,1056,1027,1001,1043,1118,1077,1098,1052,1091,1111,1148,1174,1260,1244,1228,1217,973,660,667,541,319,309,289,287,253,282,268,258,246,269,242,224,209,181,218,182,194,204,190,166,161,113,116,29]},"val_loss":1.6609512567520142,"_step":9,"parameters/graph_1ff1.bias":{"_type":"histogram","values":[2,1,2,5,2,2,2,6,6,6,5,3,3,7,8,2,2,3,2,6,4,4,3,3,3,3,5,4,5,7,2,4,4,6,1,2,3,7,4,3,5,4,4,7,10,2,1,2,2,3,4,0,3,0,0,0,0,0,0,0,0,0,0,1],"bins":[-0.18127351999282837,-0.17649181187152863,-0.1717100888490677,-0.16692838072776794,-0.162146657705307,-0.15736494958400726,-0.15258324146270752,-0.14780151844024658,-0.14301981031894684,-0.1382380872964859,-0.13345637917518616,-0.12867465615272522,-0.12389294803142548,-0.11911123991012573,-0.11432952433824539,-0.10954780876636505,-0.10476609319448471,-0.09998437762260437,-0.09520266205072403,-0.09042095392942429,-0.08563923835754395,-0.0808575227856636,-0.07607580721378326,-0.07129409164190292,-0.06651237607002258,-0.06173066794872284,-0.0569489523768425,-0.05216723680496216,-0.047385528683662415,-0.04260380566120148,-0.03782209753990173,-0.033040374517440796,-0.02825867384672165,-0.023476965725421906,-0.018695242702960968,-0.013913534581661224,-0.009131811559200287,-0.004350103437900543,0.00043161213397979736,0.005213327705860138,0.009995035827159882,0.014776751399040222,0.019558466970920563,0.024340182542800903,0.029121898114681244,0.033903613686561584,0.03868532180786133,0.04346703737974167,0.04824875295162201,0.05303046852350235,0.05781218409538269,0.06259389221668243,0.06737560778856277,0.07215732336044312,0.07693903893232346,0.0817207545042038,0.08650246262550354,0.09128418564796448,0.09606589376926422,0.10084760934114456,0.1056293249130249,0.11041103303432465,0.11519274860620499,0.11997446417808533,0.12475617974996567]},"gradients/graph_1out.weight":{"values":[200],"bins":[0,0],"_type":"histogram"},"parameters/graph_1ff2.bias":{"_type":"histogram","values":[2,0,0,0,1,0,2,1,0,4,6,2,4,0,6,3,4,2,6,3,3,4,6,3,5,1,4,3,3,2,2,4,6,3,4,5,4,6,2,3,4,3,6,4,2,4,6,5,5,4,5,4,3,2,5,2,2,4,1,3,1,1,3,2],"bins":[-0.1484895944595337,-0.1457955241203308,-0.14310146868228912,-0.14040739834308624,-0.13771334290504456,-0.13501927256584167,-0.1323252171278,-0.1296311467885971,-0.12693709135055542,-0.12424302846193314,-0.12154896557331085,-0.11885490268468857,-0.11616083979606628,-0.1134667694568634,-0.11077271401882172,-0.10807864367961884,-0.10538458824157715,-0.10269051790237427,-0.09999646246433258,-0.0973023921251297,-0.09460833668708801,-0.09191426634788513,-0.08922021090984344,-0.08652614057064056,-0.08383207768201828,-0.081138014793396,-0.07844395190477371,-0.07574988901615143,-0.07305582612752914,-0.07036176323890686,-0.06766770035028458,-0.06497363746166229,-0.06227957457304001,-0.059585511684417725,-0.05689144879579544,-0.05419738590717316,-0.05150332301855087,-0.04880926012992859,-0.046115197241306305,-0.04342113435268402,-0.04072707146406174,-0.038033004850149155,-0.03533894196152687,-0.03264487907290459,-0.029950816184282303,-0.02725675329566002,-0.024562690407037735,-0.02186862751841545,-0.019174564629793167,-0.016480501741170883,-0.0137864388525486,-0.011092375963926315,-0.008398313075304031,-0.005704248324036598,-0.0030101854354143143,-0.00031612254679203033,0.0023779403418302536,0.0050720032304525375,0.0077660661190748215,0.01046012993901968,0.013154192827641964,0.015848256647586823,0.018542319536209106,0.02123638242483139,0.023930445313453674]},"parameters/graph_1out.weight":{"bins":[-0.11176937818527222,-0.1087813451886177,-0.1057933121919632,-0.10280527174472809,-0.09981723874807358,-0.09682920575141907,-0.09384117275476456,-0.09085313975811005,-0.08786509931087494,-0.08487706631422043,-0.08188903331756592,-0.07890099287033081,-0.0759129673242569,-0.07292492687702179,-0.06993689388036728,-0.06694886088371277,-0.06396082043647766,-0.06097279116511345,-0.05798475444316864,-0.05499672144651413,-0.05200868472456932,-0.04902064800262451,-0.04603261500597,-0.04304458200931549,-0.04005654901266098,-0.03706851601600647,-0.03408047556877136,-0.031092442572116852,-0.02810440957546234,-0.02511637657880783,-0.022128336131572723,-0.019140303134918213,-0.016152270138263702,-0.013164237141609192,-0.010176204144954681,-0.007188163697719574,-0.0042001307010650635,-0.001212097704410553,0.0017759352922439575,0.004763975739479065,0.0077520087361335754,0.010740041732788086,0.013728074729442596,0.016716107726097107,0.019704144448041916,0.022692181169986725,0.025680214166641235,0.028668250888586044,0.031656283885240555,0.034644316881895065,0.037632353603839874,0.040620386600494385,0.043608423322439194,0.046596456319093704,0.04958449304103851,0.052572526037693024,0.055560559034347534,0.05854859575629234,0.06153663247823715,0.06452466547489166,0.06751269847154617,0.07050073146820068,0.07348877191543579,0.0764768049120903,0.07946483790874481],"_type":"histogram","values":[1,0,0,0,0,0,0,0,0,1,1,1,0,0,1,0,1,1,1,0,0,1,3,5,1,5,7,4,2,1,1,2,2,6,7,15,4,30,9,6,8,7,5,6,6,10,4,5,5,5,3,4,2,2,2,2,3,1,0,0,0,0,0,1]},"gradients/graph_1ff3.weight":{"values":[40000],"bins":[0,0],"_type":"histogram"},"lr":0.002,"_wandb":{"runtime":1968},"gradients/graph_1ff1.bias":{"values":[200],"bins":[0,0],"_type":"histogram"},"train_loss":1.9234555959701538,"gradients/graph_1out.bias":{"_type":"histogram","values":[1],"bins":[0.13865330815315247,0.13865330815315247]},"_runtime":1968,"parameters/graph_1out.bias":{"values":[1],"bins":[0.14594198763370514,0.14594198763370514],"_type":"histogram"},"parameters/graph_1ff2.weight":{"values":[14,51,86,134,224,420,705,763,905,1288,1277,1331,1297,1276,1321,1362,1339,1339,1310,1396,1303,1359,1305,1311,1329,1377,1409,1380,1402,1313,1326,1265,1276,1205,978,802,663,634,312,26,21,22,19,16,13,12,10,15,7,7,5,7,6,7,4,4,3,2,2,3,1,0,0,1],