{"gradients/graph_1ff1.bias":{"_type":"histogram","values":[200],"bins":[0,0]},"parameters/graph_1ff3.weight":{"values":[1,0,1,1,8,5,14,17,142,599,636,768,1008,1041,1110,1112,995,1080,1046,1077,1097,1181,1092,1125,1069,1147,1143,1140,1116,1170,1223,1240,1317,1408,1470,1458,1341,871,797,694,387,392,376,384,378,348,357,352,305,330,287,313,273,277,263,263,242,241,190,177,103,1,0,1],"bins":[-0.17526204884052277,-0.17022718489170074,-0.16519232094287872,-0.1601574718952179,-0.15512260794639587,-0.15008774399757385,-0.14505288004875183,-0.1400180160999298,-0.1349831521511078,-0.12994828820228577,-0.12491343170404434,-0.11987857520580292,-0.1148437112569809,-0.10980884730815887,-0.10477398335933685,-0.09973912686109543,-0.09470426291227341,-0.08966939896345139,-0.08463454246520996,-0.07959967851638794,-0.07456481456756592,-0.0695299580693245,-0.06449509412050247,-0.05946023017168045,-0.054425373673439026,-0.049390509724617004,-0.04435564577579498,-0.03932078182697296,-0.03428591787815094,-0.029251068830490112,-0.02421620488166809,-0.01918134093284607,-0.014146476984024048,-0.009111613035202026,-0.004076749086380005,0.0009581148624420166,0.005992963910102844,0.011027827858924866,0.016062691807746887,0.02109755575656891,0.02613241970539093,0.031167276203632355,0.036202140152454376,0.0412370041012764,0.04627186059951782,0.051306724548339844,0.056341588497161865,0.06137644499540329,0.06641130894422531,0.07144617289304733,0.07648102939128876,0.08151589334011078,0.0865507572889328,0.09158562123775482,0.09662047773599625,0.10165534168481827,0.10669019818305969,0.11172506213188171,0.11675992608070374,0.12179479002952576,0.12682965397834778,0.1318645179271698,0.13689936697483063,0.14193423092365265,0.14696909487247467],"_type":"histogram"},"parameters/graph_1ff3.bias":{"bins":[-0.14974382519721985,-0.14740407466888428,-0.1450643241405487,-0.14272458851337433,-0.14038483798503876,-0.13804508745670319,-0.13570533692836761,-0.13336560130119324,-0.13102585077285767,-0.1286861002445221,-0.12634634971618652,-0.12400660663843155,-0.12166685611009598,-0.119327113032341,-0.11698736250400543,-0.11464761197566986,-0.11230786889791489,-0.10996812582015991,-0.10762837529182434,-0.10528862476348877,-0.1029488816857338,-0.10060913115739822,-0.09826938807964325,-0.09592963755130768,-0.0935898870229721,-0.09125014394521713,-0.08891040086746216,-0.08657065033912659,-0.08423089981079102,-0.08189115673303604,-0.07955140620470047,-0.0772116631269455,-0.07487191259860992,-0.07253216207027435,-0.07019241899251938,-0.06785266846418381,-0.06551292538642883,-0.06317317485809326,-0.06083343178033829,-0.058493684977293015,-0.05615393817424774,-0.05381419137120247,-0.051474444568157196,-0.04913469776511192,-0.04679494723677635,-0.04445520043373108,-0.042115453630685806,-0.03977570682764053,-0.03743596002459526,-0.03509621322154999,-0.032756466418504715,-0.030416715890169144,-0.02807696908712387,-0.025737222284078598,-0.023397473618388176,-0.021057726815342903,-0.01871798001229763,-0.016378233209252357,-0.014038486406207085,-0.011698738671839237,-0.009358991868793964,-0.007019244134426117,-0.004679496865719557,-0.0023397495970129967,-2.330451609466877e-09],"_type":"histogram","values":[2,0,0,0,0,0,0,0,1,0,2,2,2,1,1,1,1,3,5,2,3,1,3,0,4,3,3,7,6,4,8,6,3,5,4,4,5,2,3,4,3,2,3,3,0,5,7,2,3,4,4,5,1,2,3,2,1,2,1,2,3,4,3,34]},"parameters/graph_1ff2.weight":{"bins":[-0.1549418866634369,-0.15015088021755219,-0.14535987377166748,-0.14056886732578278,-0.13577786087989807,-0.13098685443401337,-0.12619584798812866,-0.12140484154224396,-0.11661383509635925,-0.11182282865047455,-0.10703182220458984,-0.10224081575870514,-0.09744980931282043,-0.09265880286693573,-0.08786779642105103,-0.08307678997516632,-0.07828578352928162,-0.07349477708339691,-0.06870377063751221,-0.0639127641916275,-0.0591217577457428,-0.05433075129985809,-0.04953974485397339,-0.044748738408088684,-0.03995773196220398,-0.035166725516319275,-0.03037571907043457,-0.025584712624549866,-0.02079370617866516,-0.016002699732780457,-0.011211693286895752,-0.006420686841011047,-0.001629665493965149,0.0031613409519195557,0.00795234739780426,0.012743353843688965,0.01753436028957367,0.022325366735458374,0.02711637318134308,0.03190737962722778,0.03669838607311249,0.04148939251899719,0.0462803989648819,0.0510714054107666,0.055862411856651306,0.06065341830253601,0.06544442474842072,0.07023543119430542,0.07502643764019012,0.07981744408607483,0.08460845053195953,0.08939945697784424,0.09419046342372894,0.09898146986961365,0.10377247631549835,0.10856348276138306,0.11335448920726776,0.11814549565315247,0.12293650209903717,0.12772750854492188,0.13251851499080658,0.13730952143669128,0.142100527882576,0.1468915343284607,0.1516825407743454],"_type":"histogram","values":[37,66,126,192,346,722,745,775,1241,1335,1353,1355,1380,1373,1336,1335,1325,1308,1353,1316,1439,1300,1332,1340,1381,1383,1352,1358,1413,1234,1273,1290,1241,1033,803,642,560,350,46,15,27,16,19,12,6,10,6,8,12,7,9,12,6,10,10,3,8,6,5,2,1,0,0,1]},"parameters/graph_1ff1.weight":{"values":[8,22,20,17,116,181,178,192,154,159,167,164,144,169,164,207,133,184,167,166,325,343,318,354,383,405,400,384,379,417,402,404,383,390,368,371,384,403,373,392,416,352,339,343,226,203,209,181,206,187,195,211,203,176,202,190,163,186,190,206,52,24,22,28],"bins":[-0.18552757799625397,-0.17977026104927063,-0.1740129441022873,-0.16825562715530396,-0.16249829530715942,-0.1567409783601761,-0.15098366141319275,-0.1452263444662094,-0.13946902751922607,-0.13371169567108154,-0.1279543936252594,-0.12219706922769547,-0.11643974483013153,-0.1106824278831482,-0.10492511093616486,-0.09916778653860092,-0.09341046959161758,-0.08765315264463425,-0.08189582824707031,-0.07613851130008698,-0.07038119435310364,-0.0646238699555397,-0.05886656045913696,-0.05310922861099243,-0.047351911664009094,-0.04159459471702576,-0.03583727777004242,-0.030079960823059082,-0.024322643876075745,-0.018565312027931213,-0.012807995080947876,-0.007050678133964539,-0.0012933611869812012,0.004463955760002136,0.010221272706985474,0.01597858965396881,0.021735921502113342,0.02749323844909668,0.03325055539608002,0.039007872343063354,0.04476518929004669,0.05052250623703003,0.05627983808517456,0.0620371475815773,0.06779447197914124,0.07355178892612457,0.07930910587310791,0.08506643027067184,0.09082374721765518,0.09658106416463852,0.10233838856220245,0.10809570550918579,0.11385302245616913,0.11961034685373306,0.125367671251297,0.13112497329711914,0.13688230514526367,0.142639622092247,0.14839693903923035,0.15415425598621368,0.15991157293319702,0.16566890478134155,0.1714262217283249,0.17718353867530823,0.18294085562229156],"_type":"histogram"},"parameters/graph_1out.bias":{"values":[1],"bins":[0.12723635137081146,0.12723635137081146],"_type":"histogram"},"lr":0.002,"gradients/graph_1ff1.weight":{"bins":[0,0],"_type":"histogram","values":[15000]},"gradients/graph_1out.bias":{"bins":[-0.217805415391922,-0.217805415391922],"_type":"histogram","values":[1]},"_wandb":{"runtime":1899},"parameters/graph_1ff1.bias":{"_type":"histogram","values":[4,2,1,4,9,2,4,5,3,8,5,5,3,3,3,4,4,1,4,8,1,3,7,4,4,4,6,5,4,5,2,8,7,7,6,6,2,5,3,8,7,5,3,2,0,0,2,1,0,0,0,0,0,0,0,0,0,0,0,0,0,0,0,1],